id_usuario,nombre,active_vehicle
1,Roberto Ruiz,NULL
2,Gorka Morales,NULL
3,Lucía Gómez,NULL
4,Raquel Gil,NULL
5,Pablo Pérez,NULL
6,Elena Ramos,NULL
7,Francisco Lozano,NULL
8,David Fernández,NULL
9,Verónica Gil,NULL
10,Unai Gil,NULL
11,Adrián Sánchez,NULL
12,María Muñoz,NULL
13,Cristina Vázquez,NULL
14,Jaime Moreno,NULL
15,Patricia Serrano,NULL
16,José Castillo,NULL
17,Eva Ortiz,NULL
18,Miguel Santos,NULL
19,Sandra Reyes,NULL
20,Rafael Méndez,NULL
21,Beatriz Iglesias,NULL
22,Gorka Caballero,NULL
23,Itziar Lozano,NULL
24,Unai Gil,NULL
25,Maite Blanco,NULL
26,David Fernández,NULL
27,Verónica Gutiérrez,NULL
28,Rubén Serrano,NULL
29,Mónica Castillo,NULL
30,Iván Moralez,NULL
31,Teresa Vega,NULL
32,Alejandro Cruz,NULL
33,Beatriz Reyes,NULL
34,Gorka Méndez,NULL
35,Itziar Iglesias,NULL
36,Unai Caballero,NULL
37,Maite Lozano,NULL
38,David Gil,NULL
39,Verónica Ramos,NULL
40,Rubén Sánchez,NULL
41,Mónica Muñoz,NULL
42,Iván Gómez,NULL
43,Teresa Hernández,NULL
44,Alejandro Moreno,NULL
45,Beatriz Muñoz,NULL
46,Gorka Alonso,NULL
47,Itziar Romero,NULL
48,Unai Navarro,NULL
49,Maite Torres,NULL
50,David Domínguez,NULL
51,Verónica Vázquez,NULL
52,Rubén Ramos,NULL
53,Mónica Gil,NULL
54,Iván Suárez,NULL
55,Teresa Fernández,NULL
56,Alejandro Jiménez,NULL
57,Beatriz Gutiérrez,NULL
58,Gorka Serrano,NULL
59,Itziar Castillo,NULL
60,Unai Ortega,NULL
61,Maite Molina,NULL
62,David Blanco,NULL
63,Verónica Morales,NULL
64,Rubén Vega,NULL
65,Mónica Cruz,NULL
66,Iván Ortiz,NULL
67,Teresa Santos,NULL
68,Alejandro Reyes,NULL
69,Beatriz Méndez,NULL
70,Gorka Iglesias,NULL
71,Itziar Caballero,NULL
72,Unai Lozano,NULL
73,Maite Gil,NULL
74,David Ruiz,NULL
75,Verónica López,NULL
76,Rubén Sánchez,NULL
77,Mónica Pérez,NULL
78,Iván Gómez,NULL
79,Teresa Ruiz,NULL
80,Alejandro Díaz,NULL
81,Beatriz Hernández,NULL
82,Gorka Moreno,NULL
83,Itziar Muñoz,NULL
84,Unai Alonso,NULL
85,Maite Romero,NULL
86,David Navarro,NULL
87,Verónica Torres,NULL
88,Rubén Domínguez,NULL
89,Mónica Vázquez,NULL
90,Iván Ramos,NULL
91,Teresa Gil,NULL
92,Alejandro Suárez,NULL
93,Beatriz Fernández,NULL
94,Gorka Jiménez,NULL
95,Itziar Gutiérrez,NULL
96,Unai Serrano,NULL
97,Maite Castillo,NULL
98,David Ortega,NULL
99,Verónica Molina,NULL
100,Rubén Blanco,NULL
101,Mónica Morales,NULL
102,Iván Vega,NULL
103,Teresa Cruz,NULL
104,Alejandro Ortiz,NULL
105,Beatriz Santos,NULL
106,Gorka Reyes,NULL
107,Itziar Méndez,NULL
108,Unai Iglesias,NULL
109,Maite Caballero,NULL
110,David Lozano,NULL
111,Verónica Gil,NULL
112,Rubén Ruiz,NULL
113,Mónica López,NULL
114,Iván Sánchez,NULL
115,Teresa Pérez,NULL
116,Alejandro Gómez,NULL
117,Beatriz Ruiz,NULL
118,Gorka Díaz,NULL
119,Itziar Hernández,NULL
120,Unai Moreno,NULL
121,Maite Muñoz,NULL
122,David Alonso,NULL
123,Verónica Romero,NULL
124,Rubén Navarro,NULL
125,Mónica Torres,NULL
126,Iván Domínguez,NULL
127,Teresa Vázquez,NULL
128,Alejandro Ramos,NULL
129,Beatriz Gil,NULL
130,Gorka Suárez,NULL
131,Itziar Fernández,NULL
132,Unai Jiménez,NULL
133,Maite Gutiérrez,NULL
134,David Serrano,NULL
135,Verónica Castillo,NULL
136,Rubén Ortega,NULL
137,Mónica Molina,NULL
138,Iván Blanco,NULL
139,Teresa Morales,NULL
140,Alejandro Vega,NULL
141,Beatriz Cruz,NULL
142,Gorka Ortiz,NULL
143,Itziar Santos,NULL
144,Unai Reyes,NULL
145,Maite Méndez,NULL
146,David Iglesias,NULL
147,Verónica Caballero,NULL
148,Rubén Lozano,NULL
149,Mónica Gil,NULL
150,Iván Ruiz,NULL
151,Teresa López,NULL
152,Alejandro Sánchez,NULL
153,Beatriz Pérez,NULL
154,Gorka Gómez,NULL
155,Itziar Ruiz,NULL
156,Unai Díaz,NULL
157,Maite Hernández,NULL
158,David Moreno,NULL
159,Verónica Muñoz,NULL
160,Rubén Alonso,NULL
161,Mónica Romero,NULL
162,Iván Navarro,NULL
163,Teresa Torres,NULL
164,Alejandro Domínguez,NULL
165,Beatriz Vázquez,NULL
166,Gorka Ramos,NULL
167,Itziar Gil,NULL
168,Unai Suárez,NULL
169,Maite Fernández,NULL
170,David Jiménez,NULL
171,Verónica Gutiérrez,NULL
172,Rubén Serrano,NULL
173,Mónica Castillo,NULL
174,Iván Ortega,NULL
175,Teresa Molina,NULL
176,Alejandro Blanco,NULL
177,Beatriz Morales,NULL
178,Gorka Vega,NULL
179,Itziar Cruz,NULL
180,Unai Ortiz,NULL
181,Maite Santos,NULL
182,David Reyes,NULL
183,Verónica Méndez,NULL
184,Rubén Iglesias,NULL
185,Mónica Caballero,NULL
186,Iván Lozano,NULL
187,Teresa Gil,NULL
188,Alejandro Ruiz,NULL
189,Beatriz López,NULL
190,Gorka Sánchez,NULL
191,Itziar Pérez,NULL
192,Unai Gómez,NULL
193,Maite Ruiz,NULL
194,David Díaz,NULL
195,Verónica Hernández,NULL
196,Rubén Moreno,NULL
197,Mónica Muñoz,NULL
198,Iván Alonso,NULL
199,Teresa Romero,NULL
200,Alejandro Navarro,NULL
201,Beatriz Torres,NULL
202,Gorka Domínguez,NULL
203,Itziar Vázquez,NULL
204,Unai Ramos,NULL
205,Maite Gil,NULL
206,David Suárez,NULL
207,Verónica Fernández,NULL
208,Rubén Jiménez,NULL
209,Mónica Gutiérrez,NULL
210,Iván Serrano,NULL
211,Teresa Castillo,NULL
212,Alejandro Ortega,NULL
213,Beatriz Molina,NULL
214,Gorka Blanco,NULL
215,Itziar Morales,NULL
216,Unai Vega,NULL
217,Maite Cruz,NULL
218,David Ortiz,NULL
219,Verónica Santos,NULL
220,Rubén Reyes,NULL
221,Mónica Méndez,NULL
222,Iván Iglesias,NULL
223,Teresa Caballero,NULL
224,Alejandro Lozano,NULL
225,Beatriz Gil,NULL
226,Gorka Ruiz,NULL
227,Itziar López,NULL
228,Unai Sánchez,NULL
229,Maite Pérez,NULL
230,David Gómez,NULL
231,Verónica Ruiz,NULL
232,Rubén Díaz,NULL
233,Mónica Hernández,NULL
234,Iván Moreno,NULL
235,Teresa Muñoz,NULL
236,Alejandro Alonso,NULL
237,Beatriz Romero,NULL
238,Gorka Navarro,NULL
239,Itziar Torres,NULL
240,Unai Domínguez,NULL
241,Maite Vázquez,NULL
242,David Ramos,NULL
243,Verónica Gil,NULL
244,Rubén Suárez,NULL
245,Mónica Fernández,NULL
246,Iván Jiménez,NULL
247,Teresa Gutiérrez,NULL
248,Alejandro Serrano,NULL
249,Beatriz Castillo,NULL
250,Gorka Ortega,NULL
251,Itziar Molina,NULL
252,Unai Blanco,NULL
253,Maite Morales,NULL
254,David Vega,NULL
255,Verónica Cruz,NULL
256,Rubén Ortiz,NULL
257,Mónica Santos,NULL
258,Iván Reyes,NULL
259,Teresa Méndez,NULL
260,Alejandro Iglesias,NULL
261,Beatriz Caballero,NULL
262,Gorka Lozano,NULL
263,Itziar Gil,NULL
264,Unai Ruiz,NULL
265,Maite López,NULL
266,David Sánchez,NULL
267,Verónica Pérez,NULL
268,Rubén Gómez,NULL
269,Mónica Ruiz,NULL
270,Iván Díaz,NULL
271,Teresa Hernández,NULL
272,Alejandro Moreno,NULL
273,Beatriz Muñoz,NULL
274,Gorka Alonso,NULL
275,Itziar Romero,NULL
276,Unai Navarro,NULL
277,Maite Torres,NULL
278,David Domínguez,NULL
279,Verónica Vázquez,NULL
280,Rubén Ramos,NULL
281,Mónica Gil,NULL
282,Iván Suárez,NULL
283,Teresa Fernández,NULL
284,Alejandro Jiménez,NULL
285,Beatriz Gutiérrez,NULL
286,Gorka Serrano,NULL
287,Itziar Castillo,NULL
288,Unai Ortega,NULL
289,Maite Molina,NULL
290,David Blanco,NULL
291,Verónica Morales,NULL
292,Rubén Vega,NULL
293,Mónica Cruz,NULL
294,Iván Ortiz,NULL
295,Teresa Santos,NULL
296,Alejandro Reyes,NULL
297,Beatriz Méndez,NULL
298,Gorka Iglesias,NULL
299,Itziar Caballero,NULL
300,Unai Lozano,NULL
301,Maite Gil,NULL
302,David Ruiz,NULL
303,Verónica López,NULL
304,Rubén Sánchez,NULL
305,Mónica Pérez,NULL
306,Iván Gómez,NULL
307,Teresa Ruiz,NULL
308,Alejandro Díaz,NULL
309,Beatriz Hernández,NULL
310,Gorka Moreno,NULL
311,Itziar Muñoz,NULL
312,Unai Alonso,NULL
313,Maite Romero,NULL
314,David Navarro,NULL
315,Verónica Torres,NULL
316,Rubén Domínguez,NULL
317,Mónica Vázquez,NULL
318,Iván Ramos,NULL
319,Teresa Gil,NULL
320,Alejandro Suárez,NULL
321,Beatriz Fernández,NULL
322,Gorka Jiménez,NULL
323,Itziar Gutiérrez,NULL
324,Unai Serrano,NULL
325,Maite Castillo,NULL
326,David Ortega,NULL
327,Verónica Molina,NULL
328,Rubén Blanco,NULL
329,Mónica Morales,NULL
330,Iván Vega,NULL
331,Teresa Cruz,NULL
332,Alejandro Ortiz,NULL
333,Beatriz Santos,NULL
334,Gorka Reyes,NULL
335,Itziar Méndez,NULL
336,Unai Iglesias,NULL
337,Maite Caballero,NULL
338,David Lozano,NULL
339,Verónica Gil,NULL
340,Rubén Ruiz,NULL
341,Mónica López,NULL
342,Iván Sánchez,NULL
343,Teresa Pérez,NULL
344,Alejandro Gómez,NULL
345,Beatriz Ruiz,NULL
346,Gorka Díaz,NULL
347,Itziar Hernández,NULL
348,Unai Moreno,NULL
349,Maite Muñoz,NULL
350,David Alonso,NULL
351,Verónica Romero,NULL
352,Rubén Navarro,NULL
353,Mónica Torres,NULL
354,Iván Domínguez,NULL
355,Teresa Vázquez,NULL
356,Alejandro Ramos,NULL
357,Beatriz Gil,NULL
358,Gorka Suárez,NULL
359,Itziar Fernández,NULL
360,Unai Jiménez,NULL
361,Maite Gutiérrez,NULL
362,David Serrano,NULL
363,Verónica Castillo,NULL
364,Rubén Ortega,NULL
365,Mónica Molina,NULL
366,Iván Blanco,NULL
367,Teresa Morales,NULL
368,Alejandro Vega,NULL
369,Beatriz Cruz,NULL
370,Gorka Ortiz,NULL
371,Itziar Santos,NULL
372,Unai Reyes,NULL
373,Maite Méndez,NULL
374,David Iglesias,NULL
375,Verónica Caballero,NULL
376,Rubén Lozano,NULL
377,Mónica Gil,NULL
378,Iván Ruiz,NULL
379,Teresa López,NULL
380,Alejandro Sánchez,NULL
381,Beatriz Pérez,NULL
382,Gorka Gómez,NULL
383,Itziar Ruiz,NULL
384,Unai Díaz,NULL
385,Maite Hernández,NULL
386,David Moreno,NULL
387,Verónica Muñoz,NULL
388,Rubén Alonso,NULL
389,Mónica Romero,NULL
390,Iván Navarro,NULL
391,Teresa Torres,NULL
392,Alejandro Domínguez,NULL
393,Beatriz Vázquez,NULL
394,Gorka Ramos,NULL
395,Itziar Gil,NULL
396,Unai Suárez,NULL
397,Maite Fernández,NULL
398,David Jiménez,NULL
399,Verónica Gutiérrez,NULL
400,Rubén Serrano,NULL
